0,-999,-999,1
9,750,-999,3
41,480,-999,679
53,170,-999,83
72,45,-999,257
73,540,-999,679
98,180,-999,117
99,567,-999,117
100,680,-999,117
106,475,-999,117
107,680,-999,117
108,280,-999,95
109,475,-999,117
112,180,-999,117
122,410,-999,20
123,540,-999,117
125,450,-999,117
131,1635,-999,32
132,1730,-999,32
134,1635,-999,32
135,1730,-999,32
141,290,-999,117
145,435,-999,117
151,470,-999,32
157,1950,-999,32
160,180,-999,117
161,1237,-999,117
162,25000,-999,117
163,5000,-999,117
179,200,-999,117
183,260,-999,117
202,976,-999,32
205,1000,-999,32
214,1080,-999,32
217,500,-999,679
248,170,-999,182
303,55,-999,657
306,50,-999,657
308,55,-999,657
321,76,-999,117
322,-999,-999,117
323,114,-999,117
325,114,-999,117
328,114,-999,117
357,30,-999,117
412,30,-999,657
523,55,-999,657
614,55,-999,657
617,900,-999,657
630,248,-999,679
632,250,-999,679
634,210,-999,679
635,210,-999,679
641,1200,-999,679
665,345,-999,679
693,175,-999,64
713,680,-999,44
714,680,-999,44
715,680,-999,44
739,4000,-999,182
779,500,-999,679
799,45,-999,657
815,360,-999,64
831,500,-999,657
890,360,-999,64
897,360,-999,64
915,80,-999,95
972,365,-999,679
1031,500,-999,679
1039,680,-999,44
1064,255,-999,679
1101,500,-999,257
1109,360,-999,679
1111,1360,-999,679
1112,740,-999,679
1120,680,-999,679
1124,365,-999,257
1125,255,-999,257
1126,510,-999,257
1129,510,-999,257
1134,840,-999,95
1136,-999,350,1
1143,1360,-999,679
1144,480,-999,679
1145,680,-999,679
1146,675,-999,679
1147,230,-999,95
1148,180,-999,95
1150,340,-999,679
1153,680,-999,679
1156,31000,-999,257
1160,450,-999,679
1164,675,-999,679
1166,-999,-999,679
1167,1700,-999,679
1168,1200,-999,679
1169,480,-999,679
1178,72,-999,95
1180,210,-999,679
1182,210,-999,679
1185,210,-999,679
1187,5000,-999,679
1198,420,-999,679
1212,120,-999,679
1216,135,-999,679
1220,130,-999,679
1230,255,-999,679
1232,255,-999,679
1233,250,-999,679
1238,140,-999,679
1240,125,-999,679
1242,105,-999,679
1250,105,-999,679
1272,120,-999,679
1277,62,-999,679
1278,62,-999,679
1284,55,-999,679
1289,-999,-999,679
1294,236,-999,657
1309,66,-999,679
1319,65,-999,679
1348,454,-999,182
1373,960,-999,679
1464,650,-999,679
1554,1440,-999,679
1580,600,-999,20
1608,500,-999,20
1641,-999,-999,257
1643,40,-999,679
1644,40,-999,679
1647,500,-999,182
1686,520,-999,117
1687,410,-999,679
1700,550,-999,257
1702,5000,-999,257
1876,200,-999,64
1899,5000,-999,182
1949,480,-999,657
2025,460,-999,679
2027,567,-999,117
2028,30,-999,657
2059,70,-999,95
2060,75,-999,95
2062,77,-999,95
2063,77,-999,95
2064,80,-999,95
2065,80,-999,95
2095,750,-999,679
2096,530,-999,679
2097,77,-999,95
2122,567,-999,9
2130,475,-999,117
2185,25000,-999,679
2230,64,-999,657
2233,640,-999,679
2261,58,-999,31
2290,680,-999,117
2309,5,-999,679
2320,67,-999,657
2425,62,-999,679
2438,25000,-999,679
2505,65,-999,257
2575,8,-999,3
2589,65,-999,95
2604,44,-999,95
2665,360,-999,64
2734,89,-999,657
2805,525,-999,679
2806,525,-999,679
2808,500,-999,679
2810,700,-999,679
2816,85,-999,657
2817,74,-999,657
3030,180,-999,117
3144,540,-999,679
3160,360,-999,64
3230,88,-999,657
3256,70,-999,257
3270,120,-999,679
3303,67,-999,657
3305,67,-999,657
3319,150,-999,20
3320,300,-999,20
3333,75,-999,20
3402,2000,-999,182
3415,560,-999,182
3428,6000,-999,182
3435,115,-999,182
3446,200,-999,182
3447,300,-999,182
3509,-999,-999,3
3510,140,-999,182
3518,200,-999,182
3525,95,-999,182
3526,95,-999,182
3530,170,-999,182
3535,100,-999,182
3555,115,-999,182
3606,750,-999,95
3609,-999,-999,257
3621,740,-999,679
3631,370,-999,679
3678,450,-999,679
3687,500,-999,679
3718,150,-999,257
3720,40,-999,679
3826,100,-999,679
3894,120,-999,657
3919,32,-999,679
3944,175,-999,182
3970,180,-999,95
3977,240,-999,679
3978,240,-999,679
4053,86,-999,83
4085,69,-999,657
4087,497,-999,657
4102,157,-999,257
4109,840,-999,95
4118,1000,-999,-999
4126,567,-999,117
4135,1000,-999,679
4136,1000,-999,657
4139,1000,-999,679
4150,585,-999,679
4152,510,-999,679
4153,640,-999,679
4169,5,-999,679
4189,120,-999,657
4190,120,-999,657
4220,60,-999,257
4221,60,-999,257
4234,45,-999,257
4240,-999,-999,257
4245,120,-999,257
4259,180,-999,257
4270,100,-999,257
4280,110,-999,257
4301,340,-999,679
4304,95,-999,257
4385,360,-999,64
4468,680,-999,117
4477,240,-999,64
4482,220,-999,182
4512,489,-999,32
4513,345,-999,32
4514,470,-999,32
4624,660,-999,5
4733,86,-999,83
4767,250,-999,679
4773,360,-999,64
4774,640,-999,679
4820,650,-999,117
4838,680,-999,679
4859,115,-999,83
4910,175,-999,679
4919,660,-999,5
4943,250,-999,657
4944,354,-999,679
4946,65,-999,257
4947,280,-999,95
5000,50,-999,657
5015,69,-999,657
5052,62,-999,679
5200,-999,355,33
5223,-999,355,33
5277,192,-999,679
5310,50,-999,657
5328,105,-999,657
5337,105,-999,657
5340,80,-999,657
5345,-999,-999,657
5350,85,-999,657
5354,70,-999,657
5355,70,-999,657
5371,55,-999,657
5376,44,-999,657
5380,80,-999,657
5386,80,-999,657
5410,60,-999,657
5414,250,-999,657
5422,225,-999,657
5423,193,-999,657
5430,50,-999,657
5434,90,-999,657
5453,205,-999,657
5454,205,-999,657
5456,205,-999,657
5460,75,-999,657
5463,280,-999,657
5470,205,-999,657
5496,300,-999,657
5543,250,-999,657
5544,240,-999,657
5545,5,-999,657
5576,25,-999,657
5621,105,-999,657
5707,-999,-999,64
5708,900,-999,657
5709,522,-999,657
5710,720,-999,657
5711,540,-999,657
5712,600,-999,657
5713,610,-999,657
5714,480,-999,657
5715,804,-999,657
5716,768,-999,657
5717,480,-999,657
5718,480,-999,657
5901,50,-999,657
5917,191,-999,83
5918,186,-999,83
5919,197,-999,83
5921,208,-999,83
5948,6000,-999,657
6066,54,-999,657
6085,360,-999,64
6177,36,-999,31
6420,1000,-999,31
6437,62,-999,31
6456,49,-999,31
6469,280,-999,95
6476,70,-999,31
6490,52,-999,31
6500,186,-999,83
6502,197,-999,83
6503,208,-999,83
6505,191,-999,83
6507,135,-999,83
6555,62,-999,31
6566,86,-999,83
6633,150,-999,679
6645,1000,-999,64
6657,115,-999,83
6667,135,-999,83
6700,350,-999,64
6820,20,-999,31
7144,425,-999,32
7145,570,-999,32
7340,135,-999,83
7342,115,-999,83
7724,5,-999,20
7761,20,-999,20
7814,40,-999,20
7829,35,-999,20
7884,35,-999,20
8766,25000,-999,5
8768,5000,-999,5
8825,-999,-999,5
8863,1775,-999,32
8864,1730,-999,32
8865,1635,-999,32
8874,260,-999,95
8921,260,-999,95
8931,290,-999,679
8940,260,-999,95
9082,55,-999,657
9197,32,-999,657
9217,150,-999,257
9248,49,-999,20
9249,30,-999,657
9302,5,-999,657
9416,10,-999,20
9699,30,-999,20
9711,680,-999,44
9717,680,-999,44
9753,680,-999,44
9756,680,-999,44
9764,70,-999,20
9798,1470,-999,2
9853,500,-999,657
9869,470,-999,679
30007,124,-999,679
30008,124,-999,679
30009,105,-999,657
30010,105,-999,657
30011,105,-999,657
30012,105,-999,657
30014,105,-999,657
30015,105,-999,657
30091,40,-999,679
30092,40,-999,679
30099,-999,-999,679
30100,20,-999,679
30110,56,-999,31
30111,56,-999,31
30112,56,-999,31
30137,25,-999,657
30172,340,-999,679
30173,340,-999,679
30177,240,-999,679
30178,240,-999,679
30187,-999,355,33
30189,-999,355,33
30190,-999,355,33
30191,-999,355,33
30194,360,-999,64
30195,360,-999,64
30214,104,-999,257
30215,104,-999,257
30218,48,-999,679
30227,220,-999,95
30235,600,-999,657
30236,600,-999,657
30249,104,-999,257
30250,104,-999,257
30251,104,-999,257
30252,104,-999,257
30265,48,-999,679
30266,48,-999,679
30280,-999,-999,679
30289,567,-999,679
30302,-999,-999,679
30305,210,-999,679
30306,210,-999,679
30314,360,-999,657
30315,450,-999,657
30332,-999,-999,657
30349,30,-999,657
30354,113,-999,657
30355,113,-999,657
30370,310,-999,257
30371,310,-999,257
30372,310,-999,257
30374,270,-999,679
30375,270,-999,679
30376,270,-999,679
30378,-999,600,33
30379,-999,600,33
30380,-999,600,33
30381,-999,600,33
30383,-999,600,33
30384,-999,355,33
30385,-999,355,33
30387,-999,355,33
30393,-999,600,33
30397,31,-999,10
30399,454,-999,130
30403,370,-999,679
30408,67,-999,657
30409,506,-999,95
30413,1020,-999,257
30415,130,-999,257
30416,130,-999,257
30417,130,-999,257
30418,22,-999,679
30419,22,-999,679
30421,132,-999,679
30422,132,-999,679
30423,132,-999,679
30424,132,-999,679
30437,45,-999,657
30461,25,-999,679
30473,25,-999,657
30475,65,-999,257
30477,255,-999,679
30505,570,-999,257
30506,570,-999,257
30507,570,-999,257
30531,106,-999,657
30532,106,-999,657
30533,106,-999,657
30543,110,-999,657
30544,110,-999,657
30548,84,-999,657
30549,84,-999,657
30550,84,-999,657
30551,84,-999,657
30552,84,-999,657
30553,84,-999,657
30554,84,-999,657
30555,84,-999,657
30556,84,-999,657
30562,112,-999,83
30566,-999,355,33
30567,-999,355,33
30568,67,-999,657
30569,67,-999,657
30570,67,-999,657
30571,67,-999,657
30572,67,-999,657
30573,67,-999,657
30574,67,-999,657
30575,67,-999,657
30576,67,-999,657
30581,80,-999,83
30582,90,-999,83
30584,86,-999,83
30593,400,-999,130
30594,400,-999,130
30595,400,-999,130
30599,680,-999,117
30626,430,-999,257
30646,55,-999,657
30693,130,-999,257
30694,130,-999,257
30700,35,-999,44
30706,480,-999,679
30707,506,-999,95
30723,152,-999,117
30735,-999,236,679
30746,350,-999,2
30749,585,-999,95
30751,224,-999,679
30772,550,-999,257
30773,-999,600,33
30784,34,-999,679
30785,32,-999,679
30805,150,-999,257
30813,50,-999,657
30814,49,-999,657
30815,34,-999,679
30827,340,-999,10
30830,32,-999,679
30831,32,-999,679
30832,32,-999,679
30859,115,-999,257
30871,-999,-999,95
30877,50,-999,657
30888,-999,-999,95
30900,90,-999,83
30904,112,-999,83
30906,80,-999,83
30916,37,-999,679
30917,37,-999,679
30919,175,-999,182
30946,33,-999,679
30954,140,-999,657
30957,200,-999,64
30958,-999,-999,679
30971,104,-999,257
30972,104,-999,257
30973,65,-999,257
30980,100,-999,257
30999,88,-999,657
31001,88,-999,657
31003,27,-999,2
31004,27,-999,2
31005,104,-999,257
31006,104,-999,257
31013,50,-999,657
31015,50,-999,657
31031,104,-999,257
31032,104,-999,257
31033,104,-999,257
31067,32,-999,130
31075,100,-999,257
31077,100,-999,257
31080,140,-999,657
31082,140,-999,657
31083,140,-999,657
31089,46,-999,31
31095,180,-999,257
31098,150,-999,257
31100,150,-999,257
31103,147,-999,257
31118,101,-999,657
31119,101,-999,657
31120,101,-999,657
31123,284,-999,130
31142,300,-999,657
31145,312,-999,657
31147,220,-999,95
31149,32,-999,679
31150,32,-999,679
31170,410,-999,95
31177,489,-999,32
31184,216,-999,66
31186,216,-999,66
31187,240,-999,66
31188,240,-999,66
31189,120,-999,66
31190,120,-999,66
31191,184,-999,66
31192,100,-999,66
31194,150,-999,66
31197,240,-999,66
31198,144,-999,66
31199,144,-999,66
31200,414,-999,66
31201,250,-999,66
31203,200,-999,66
31207,600,-999,66
31211,60,-999,31
31221,75,-999,657
31222,75,-999,657
31231,198,-999,679
31232,198,-999,679
31245,-999,-999,679
31246,70,-999,20
31267,480,-999,679
31274,240,-999,679
31277,110,-999,679
31278,110,-999,679
31279,110,-999,679
31283,99,-999,679
31284,99,-999,679
31298,210,-999,257
31299,210,-999,257
31307,250,-999,679
31309,90,-999,657
31310,90,-999,657
31311,90,-999,657
31313,170,-999,182
31315,50,-999,657
31316,50,-999,657
31319,500,-999,679
31320,-999,-999,679
31322,-999,-999,679
31333,120,-999,130
31338,74,-999,657
31339,74,-999,657
31340,64,-999,657
31341,64,-999,657
31392,640,-999,679
31393,640,-999,679
31394,640,-999,679
31403,275,-999,257
31420,55,-999,679
31421,55,-999,679
31423,158,-999,679
31445,384,-999,679
31447,60,-999,679
31457,188,-999,679
31466,152,-999,657
31467,152,-999,657
31468,148,-999,657
31469,148,-999,657
31470,174,-999,657
31471,174,-999,657
31473,360,-999,66
31474,108,-999,66
31476,200,-999,66
31484,144,-999,657
31485,144,-999,657
31497,340,-999,44
31498,340,-999,44
31499,340,-999,44
31500,340,-999,44
31502,250,-999,679
31504,250,-999,679
31506,113,-999,657
31507,113,-999,657
31508,113,-999,657
31510,275,-999,657
31511,180,-999,657
31512,180,-999,657
31513,250,-999,657
31514,250,-999,657
31516,385,-999,657
31518,691,-999,657
31519,1058,-999,657
31520,719,-999,657
31524,108,-999,66
31535,430,-999,679
31574,150,-999,257
31575,195,-999,257
31579,237,-999,657
31580,237,-999,657
31581,237,-999,657
31582,158,-999,657
31583,237,-999,657
31584,237,-999,657
31585,237,-999,657
31586,158,-999,657
31587,237,-999,657
31588,237,-999,657
31589,237,-999,657
31590,158,-999,657
31593,605,-999,657
31594,417,-999,657
31596,675,-999,657
31599,90,-999,182
31600,90,-999,182
31609,160,-999,182
31610,160,-999,182
31612,380,-999,182
31613,380,-999,182
31618,80,-999,182
31619,80,-999,182
31621,170,-999,182
31622,170,-999,182
31624,280,-999,182
31625,280,-999,182
31626,280,-999,182
31627,140,-999,182
31628,140,-999,182
31655,160,-999,182
31656,160,-999,182
31667,90,-999,83
31668,86,-999,83
31669,97,-999,83
31670,112,-999,83
31684,120,-999,95
31686,130,-999,95
31687,130,-999,95
31688,130,-999,95
31689,120,-999,95
31690,250,-999,679
31695,392,-999,657
31699,48,-999,679
31710,567,-999,4
31711,340,-999,4
31716,170,-999,182
31717,60,-999,257
31718,65,-999,257
31719,105,-999,257
31720,95,-999,257
31730,220,-999,679
31744,48,-999,679
31763,480,-999,9
31766,144,-999,657
31767,152,-999,657
31768,180,-999,657
31769,250,-999,657
31770,174,-999,657
31771,800,-999,64
31775,320,-999,679
31778,800,-999,64
31779,158,-999,657
31780,158,-999,657
31781,158,-999,657
31782,158,-999,657
31783,158,-999,657
31784,158,-999,657
31799,72,-999,679
31803,170,-999,182
31804,170,-999,182
31827,160,-999,182
31828,160,-999,182
31829,160,-999,182
31847,630,-999,95
31861,25,-999,31
31868,55,-999,679
31880,1170,-999,679
31905,30,-999,1
31946,528,-999,130
31964,150,-999,657
31971,37,-999,679
31974,4,-999,2
31977,308,-999,66
31997,255,-999,679
32015,18,-999,66
32026,216,-999,66
32027,240,-999,66
32035,108,-999,66
32037,250,-999,66
32045,66,-999,679
32046,66,-999,679
32053,270,-999,679
32078,208,-999,66
32092,480,-999,679
32132,108,-999,66
32134,184,-999,679
32141,375,-999,679
32142,420,-999,679
32143,525,-999,679
32144,620,-999,679
32168,60,-999,657
32173,30,-999,679
32204,60,-999,31
32207,170,-999,182
32220,90,-999,83
32221,112,-999,83
32222,80,-999,83
32223,97,-999,83
32224,86,-999,83
32263,216,-999,64
32274,1134,-999,679
32275,1134,-999,679
32277,960,-999,679
32278,960,-999,679
32279,960,-999,679
32280,1134,-999,679
32281,1134,-999,679
32282,1134,-999,679
32283,1134,-999,679
32284,1134,-999,679
32285,1134,-999,679
32286,920,-999,679
32287,920,-999,679
32288,920,-999,679
32289,908,-999,679
32290,908,-999,679
32294,1000,-999,679
32295,1000,-999,679
32297,83,-999,182
32298,83,-999,182
32301,33,-999,679
32302,50,-999,657
32303,60,-999,257
32304,60,-999,257
32305,70,-999,257
32311,320,-999,95
32322,260,-999,95
32323,280,-999,95
32334,216,-999,66
32335,240,-999,66
32336,612,-999,66
32341,48,-999,257
32353,630,-999,95
32360,180,-999,657
32361,180,-999,657
32363,148,-999,657
32364,148,-999,657
32366,148,-999,657
32367,148,-999,657
32369,144,-999,657
32370,144,-999,657
32371,144,-999,657
32372,250,-999,657
32373,250,-999,657
32375,152,-999,657
32376,152,-999,657
32378,174,-999,657
32379,174,-999,657
32382,174,-999,657
32393,55,-999,679
32394,55,-999,679
32395,55,-999,679
32408,410,-999,95
32409,410,-999,95
32410,340,-999,257
32420,260,-999,95
32421,260,-999,95
32426,75,-999,31
32428,156,-999,257
32433,120,-999,657
32434,120,-999,657
32436,24,-999,66
32441,720,-999,66
32465,240,-999,66
32472,240,-999,66
32480,200,-999,66
32491,86,-999,83
32492,97,-999,83
32514,20,-999,657
32518,19,-999,657
32535,62,-999,657
32536,62,-999,657
32538,5,-999,657
32541,5,-999,657
32542,5,-999,657
32544,150,-999,130
32546,52,-999,657
32552,30,-999,182
32554,170,-999,182
32556,32,-999,679
32557,32,-999,679
32558,32,-999,679
32575,74,-999,657
32578,64,-999,657
32589,175,-999,182
32590,175,-999,182
32591,175,-999,182
32594,330,-999,130
32635,8,-999,7
32637,480,-999,117
32639,215,-999,657
32640,215,-999,657
32641,215,-999,657
32642,496,-999,657
32668,680,-999,679
32669,300,-999,130
32685,680,-999,679
32719,170,-999,130
32749,410,-999,95
32798,62,-999,657
32799,62,-999,657
32802,800,-999,64
32804,340,-999,679
32815,175,-999,182
32816,175,-999,182
32817,300,-999,64
32819,102,-999,679
32820,102,-999,679
32830,240,-999,679
32838,275,-999,257
32841,535,-999,95
32842,160,-999,182
32843,160,-999,182
32845,83,-999,182
32846,83,-999,182
32848,90,-999,182
32849,90,-999,182
32850,90,-999,182
32851,160,-999,182
32852,160,-999,182
32854,160,-999,182
32855,160,-999,182
32857,380,-999,182
32858,380,-999,182
32860,80,-999,182
32861,80,-999,182
32862,80,-999,182
32863,170,-999,182
32864,170,-999,182
32869,115,-999,182
32870,115,-999,182
32871,115,-999,182
32872,140,-999,182
32873,140,-999,182
32884,160,-999,182
32885,340,-999,44
32886,340,-999,44
32891,280,-999,130
32894,864,-999,66
32931,33,-999,657
32932,172,-999,657
32933,98,-999,657
32934,98,-999,657
32935,98,-999,657
32936,92,-999,657
32937,92,-999,657
32938,92,-999,657
32939,110,-999,657
32940,110,-999,657
32941,110,-999,657
32942,216,-999,66
32952,125,-999,657
32953,125,-999,657
32954,125,-999,657
32956,125,-999,657
32958,180,-999,657
32959,180,-999,657
32960,180,-999,657
32961,180,-999,657
32962,180,-999,657
32963,180,-999,657
32965,150,-999,657
32967,180,-999,657
32974,250,-999,657
32975,250,-999,657
32978,250,-999,657
32980,300,-999,657
32981,300,-999,657
32983,300,-999,657
32984,300,-999,657
32997,-999,600,33
32999,112,-999,83
33004,60,-999,657
33011,200,-999,66
33021,55,-999,657
33030,90,-999,83
33033,80,-999,83
33043,480,-999,657
33047,60,-999,257
33048,60,-999,257
33053,-999,200,657
33054,480,-999,679
33068,275,-999,257
33074,-999,600,33
33114,92,-999,657
33175,114,-999,657
33185,36,-999,66
33188,630,-999,95
33189,630,-999,679
33190,5,-999,679
33191,625,-999,679
33192,286,-999,95
33196,286,-999,95
33198,2880,-999,679
33204,174,-999,657
33205,174,-999,657
33207,75,-999,657
33208,75,-999,657
33241,400,-999,117
33242,400,-999,117
33243,400,-999,117
33244,220,-999,657
33245,440,-999,657
33246,660,-999,657
33254,50,-999,1
33260,630,-999,679
33261,5,-999,679
33262,625,-999,679
33263,625,-999,679
33264,930,-999,679
33265,930,-999,679
33266,840,-999,679
33267,840,-999,679
33286,36,-999,66
33292,90,-999,83
33294,90,-999,83
33295,90,-999,83
33297,60,-999,657
33298,60,-999,657
33300,430,-999,679
33302,500,-999,679
33329,45,-999,657
33334,1200,-999,130
33342,80,-999,83
33353,60,-999,657
33359,160,-999,130
33366,37,-999,679
33370,220,-999,95
33381,850,-999,66
33382,200,-999,66
33426,375,-999,130
33429,375,-999,130
33432,375,-999,130
33643,375,-999,130
33647,340,-999,130
33648,340,-999,130
33649,340,-999,130
33657,180,-999,182
33663,48,-999,679
33664,240,-999,679
33671,167,-999,657
33672,167,-999,657
33673,167,-999,657
33678,400,-999,117
33679,400,-999,117
33680,400,-999,117
33681,400,-999,117
33682,400,-999,117
33683,400,-999,117
33687,280,-999,130
33688,160,-999,130
33690,160,-999,130
33691,260,-999,130
33693,350,-999,130
33699,62,-999,657
33700,62,-999,657
33708,72,-999,679
33715,48,-999,679
33734,100,-999,257
33735,100,-999,257
33736,100,-999,257
33737,100,-999,257
33740,630,-999,679
33741,5,-999,679
33742,930,-999,679
33743,840,-999,679
33763,62,-999,657
33768,108,-999,66
33769,360,-999,66
33773,25,-999,182
33779,24,-999,182
33794,12,-999,66
33822,60,-999,657
33841,60,-999,657
33842,62,-999,657
33845,25,-999,1
33853,200,-999,130
33862,-999,-999,657
33863,-999,-999,657
33866,80,-999,657
33871,60,-999,657
33872,60,-999,657
33875,100,-999,130
33879,80,-999,182
33889,25,-999,130
33902,50,-999,31
33909,27,-999,257
33912,25,-999,679
34018,25,-999,657
34020,25,-999,657
34021,25,-999,657
34025,133,-999,83
34044,60,-999,257
34048,105,-999,257
34050,300,-999,95
34053,62,-999,679
34054,62,-999,679
34055,62,-999,679
34056,62,-999,657
34067,90,-999,83
34068,86,-999,83
34069,91,-999,83
34071,80,-999,83
34077,5,-999,657
34078,5,-999,657
34080,5,-999,657
34081,5,-999,657
34083,20,-999,657
34084,20,-999,657
34087,25,-999,657
34089,535,-999,95
34111,567,-999,2
34118,25,-999,130
34122,61,-999,679
34124,10,-999,20
34178,340,-999,679
34185,140,-999,679
34187,516,-999,66
34195,43,-999,657
34200,50,-999,31
34204,450,-999,679
34205,675,-999,679
34206,340,-999,679
34207,430,-999,679
34208,210,-999,679
34210,740,-999,679
34211,460,-999,679
34212,640,-999,679
34213,640,-999,679
34215,360,-999,679
34225,200,-999,182
34226,200,-999,182
34227,200,-999,182
34255,360,-999,64
34256,216,-999,64
34257,175,-999,64
34258,500,-999,64
34259,634,-999,10
34264,480,-999,679
34292,370,-999,679
34299,500,-999,257
34301,275,-999,117
34302,275,-999,117
34326,1240,-999,657
34327,250,-999,679
34328,250,-999,679
34333,62,-999,657
34337,62,-999,657
34348,1724,-999,657
34355,70,-999,31
34370,-999,-999,679
34373,1350,-999,32
34389,38,-999,20
34403,26,-999,257
34425,70,-999,257
34426,-999,-999,679
34427,-999,-999,679
34429,110,-999,257
34430,110,-999,257
34433,258,-999,95
34439,8,-999,20
34440,8,-999,20
34452,567,-999,10
34468,440,-999,679
34469,440,-999,679
34486,130,-999,257
34487,130,-999,257
34495,200,-999,130
34542,90,-999,657
34546,50,-999,657
34547,158,-999,657
34548,158,-999,657
34550,158,-999,657
34551,158,-999,657
34553,158,-999,657
34554,158,-999,657
34577,440,-999,679
34585,145,-999,83
34616,105,-999,657
34617,105,-999,657
34618,105,-999,657
34627,30,-999,657
34643,90,-999,83
34644,90,-999,83
34645,90,-999,83
34646,90,-999,83
34647,90,-999,83
34665,900,-999,679
34666,680,-999,679
34670,360,-999,66
34682,75,-999,20
34683,75,-999,20
34702,105,-999,657
34703,105,-999,657
34704,105,-999,657
34737,104,-999,257
34738,104,-999,257
34747,240,-999,66
34768,40,-999,679
34769,40,-999,679
34770,40,-999,679
34775,180,-999,679
34776,202,-999,679
34781,8,-999,7
34782,8,-999,7
34783,8,-999,7
34785,480,-999,679
34786,680,-999,679
34787,1360,-999,679
34793,1440,-999,679
34794,540,-999,117
34801,500,-999,679
34802,540,-999,679
34850,480,-999,679
34851,680,-999,679
34854,960,-999,679
34865,680,-999,679
34866,567,-999,9
34867,1360,-999,679
34868,55,-999,679
34869,55,-999,679
34876,480,-999,9
34885,22,-999,679
34888,44,-999,679
34889,44,-999,679
34891,350,-999,2
34892,360,-999,64
34893,1000,-999,679
34894,1080,-999,679
34901,920,-999,679
34904,360,-999,657
34909,8000,-999,182
34913,350,-999,64
34914,280,-999,95
34915,198,-999,679
34916,198,-999,679
34917,50,-999,130
34933,420,-999,679
34935,1925,-999,679
34936,50,-999,679
34937,50,-999,679
34938,158,-999,679
34939,158,-999,679
34943,67,-999,657
34944,67,-999,657
34945,67,-999,657
34958,13,-999,657
34959,13,-999,657
34973,1340,-999,657
34983,275,-999,257
34984,275,-999,257
34992,180,-999,679
34993,180,-999,679
35005,75,-999,657
35011,120,-999,130
35014,150,-999,130
35015,400,-999,130
35024,90,-999,657
35025,113,-999,657
35026,5000,-999,182
35031,44,-999,20
35051,150,-999,657
35052,150,-999,657
35053,150,-999,657
35054,210,-999,117
35072,120,-999,130
35074,800,-999,64
35079,4000,-999,257
35092,124,-999,657
35093,124,-999,657
35095,18,-999,66
35097,870,-999,679
35103,75,-999,182
35104,75,-999,182
35105,75,-999,182
35106,75,-999,182
35107,75,-999,182
35108,75,-999,182
35109,180,-999,182
35110,180,-999,182
35111,180,-999,182
35112,180,-999,182
35113,180,-999,182
35114,180,-999,182
35115,300,-999,182
35116,300,-999,182
35117,300,-999,182
35118,300,-999,182
35119,300,-999,182
35120,300,-999,182
35121,180,-999,182
35122,180,-999,182
35123,180,-999,182
35124,180,-999,182
35125,180,-999,182
35127,180,-999,182
35128,180,-999,182
35129,180,-999,182
35130,180,-999,182
35131,180,-999,182
35132,180,-999,182
35141,567,-999,117
35142,567,-999,117
35143,567,-999,117
35144,567,-999,117
35145,567,-999,117
35146,567,-999,117
35147,567,-999,117
35148,567,-999,117
35149,567,-999,117
35150,50,-999,679
35171,30,-999,130
35176,120,-999,257
35177,120,-999,257
35179,104,-999,257
35180,104,-999,257
35182,104,-999,257
35183,104,-999,257
35185,104,-999,257
35186,104,-999,257
35191,96,-999,679
35198,96,-999,679
35212,210,-999,679
35213,210,-999,679
35214,198,-999,679
35215,180,-999,679
35217,202,-999,679
35219,340,-999,130
35222,378,-999,130
35226,720,-999,657
35227,160,-999,130
35228,110,-999,130
35232,680,-999,117
35233,680,-999,117
35235,680,-999,117
35240,600,-999,657
35241,600,-999,657
35242,600,-999,657
35243,500,-999,657
35244,500,-999,657
35245,500,-999,657
35246,600,-999,657
35247,600,-999,657
35248,600,-999,657
35249,120,-999,130
35272,264,-999,66
35293,450,-999,679
35294,480,-999,679
35295,210,-999,679
35301,480,-999,679
35303,75,-999,657
35304,75,-999,657
35305,75,-999,657
35306,75,-999,657
35307,75,-999,657
35308,75,-999,657
35309,75,-999,657
35310,75,-999,657
35371,-999,355,1
35385,2450,-999,32
35401,340,-999,679
35403,30,-999,130
35406,800,-999,130
35412,52,-999,257
35413,52,-999,257
35424,960,-999,657
35425,345,-999,32
35426,470,-999,32
35427,137,-999,657
35428,137,-999,657
35429,110,-999,657
35430,110,-999,657
35434,60,-999,657
35438,260,-999,95
35439,300,-999,657
35440,270,-999,679
35441,270,-999,679
35442,250,-999,679
35443,225,-999,679
35444,180,-999,679
35445,37,-999,679
35452,50,-999,657
35453,50,-999,657
35454,50,-999,657
35455,55,-999,657
35456,55,-999,657
35457,55,-999,657
35469,272,-999,679
35473,340,-999,679
35484,80,-999,657
35499,369,-999,4
35501,340,-999,4
35510,800,-999,130
35516,95,-999,182
35517,95,-999,182
35524,1000,-999,130
35525,417,-999,657
35526,392,-999,657
35527,605,-999,657
35539,67,-999,657
35557,110,-999,657
35558,110,-999,657
35561,110,-999,657
35563,480,-999,679
35564,340,-999,679
35565,290,-999,679
35567,480,-999,679
35569,960,-999,679
35570,567,-999,10
35571,675,-999,679
35572,250,-999,679
35575,100,-999,130
35576,110,-999,657
35578,340,-999,679
35587,60,-999,657
35595,740,-999,679
35598,240,-999,64
35599,585,-999,95
35602,102,-999,657
35604,100,-999,657
35605,100,-999,657
35614,280,-999,64
35618,-999,-999,679
35622,86,-999,657
35625,33,-999,657
35626,33,-999,657
35631,27,-999,20
35632,27,-999,20
35633,104,-999,257
35634,104,-999,257
35635,180,-999,182
35644,924,-999,679
35651,93,-999,679
35660,430,-999,679
35689,80,-999,182
35691,80,-999,182
35693,80,-999,182
35694,170,-999,182
35695,170,-999,182
35697,170,-999,182
35698,170,-999,182
35700,280,-999,182
35701,280,-999,182
35703,280,-999,182
35704,280,-999,182
35711,80,-999,657
35713,650,-999,117
35714,30,-999,130
35722,390,-999,257
35724,96,-999,679
35725,96,-999,679
35727,328,-999,257
35728,328,-999,257
35729,328,-999,257
35737,220,-999,66
35738,200,-999,66
35739,590,-999,679
35740,590,-999,679
35744,765,-999,679
35753,33,-999,657
35754,33,-999,657
35756,33,-999,657
35761,180,-999,182
35763,180,-999,182
35766,1500,-999,130
35783,80,-999,657
35784,80,-999,657
35785,80,-999,657
35792,500,-999,130
35793,300,-999,1
35801,48,-999,679
35802,48,-999,679
35803,48,-999,679
35805,71,-999,83
35807,75,-999,31
35821,32,-999,679
35822,93,-999,679
35825,70,-999,257
35826,70,-999,257
35827,70,-999,257
35828,510,-999,679
35829,700,-999,679
35830,780,-999,679
35831,520,-999,95
35832,75,-999,657
35833,75,-999,657
35840,80,-999,657
35841,80,-999,657
35842,435,-999,117
35843,680,-999,117
35851,540,-999,679
35852,680,-999,679
35860,93,-999,679
35862,20,-999,657
35864,480,-999,679
35895,150,-999,83
35896,150,-999,83
35897,169,-999,83
35898,169,-999,83
35900,86,-999,657
35906,300,-999,64
35921,1000,-999,130
35924,300,-999,64
35928,31,-999,679
35933,390,-999,257
35935,390,-999,257
35936,390,-999,257
35937,390,-999,257
35955,220,-999,95
35967,65,-999,257
35968,65,-999,257
35969,48,-999,679
35972,600,-999,657
35973,480,-999,657
35974,480,-999,657
35975,480,-999,657
35976,900,-999,657
35977,900,-999,657
35979,-999,-999,679
35987,420,-999,130
35989,99,-999,83
35990,99,-999,83
35999,57,-999,257
36000,57,-999,257
36001,57,-999,257
36002,57,-999,257
36003,57,-999,257
36004,57,-999,257
36005,57,-999,257
36006,57,-999,257
36008,33,-999,130
36010,76,-999,657
36014,27,-999,31
36023,6,-999,10
36024,6,-999,10
36034,800,-999,130
36035,200,-999,130
36036,200,-999,130
36038,200,-999,130
36041,216,-999,130
36042,216,-999,130
36052,137,-999,657
36057,75,-999,657
36058,75,-999,657
36060,55,-999,657
36078,1368,-999,657
36089,567,-999,3
36090,14,-999,20
36091,14,-999,20
36092,270,-999,95
36093,45,-999,257
36096,38,-999,657
36098,316,-999,657
36117,73,-999,679
36118,87,-999,83
36123,175,-999,182
36128,75,-999,657
36130,45,-999,257
36131,96,-999,679
36141,-999,-999,679
36143,-999,-999,679
36145,-999,-999,679
36147,-999,-999,679
36151,-999,-999,679
36153,-999,-999,679
36155,-999,-999,679
36158,38,-999,657
36159,38,-999,657
36164,567,-999,3
36166,567,-999,3
36169,262,-999,657
36175,5400,-999,657
36184,316,-999,657
36189,540,-999,657
36191,520,-999,657
36192,45,-999,257
36193,280,-999,95
36194,180,-999,679
36195,95,-999,657
36196,95,-999,657
36198,25,-999,257
36204,200,-999,130
36209,200,-999,130
36212,800,-999,64
36223,50,-999,657
36224,50,-999,657
36227,200,-999,130
36233,200,-999,130
36234,200,-999,130
36240,200,-999,130
36250,384,-999,64
36255,25,-999,679
36258,25,-999,679
36259,25,-999,679
36261,38,-999,657
36262,38,-999,657
36269,50,-999,679
36270,130,-999,679
36274,76,-999,657
36275,76,-999,657
36277,42000,-999,66
36278,840,-999,95
36287,630,-999,95
36288,680,-999,44
36289,680,-999,44
36290,339,-999,95
36291,65,-999,257
36292,65,-999,257
36298,100,-999,657
36301,100,-999,657
36304,100,-999,657
36309,57,-999,257
36310,57,-999,257
36318,293,-999,679
36319,98,-999,657
36320,92,-999,657
36321,113,-999,657
36322,106,-999,657
36323,110,-999,657
36324,120,-999,657
36325,158,-999,657
36327,90,-999,657
36328,44,-999,657
36329,175,-999,182
36332,180,-999,182
36333,60,-999,657
36334,69,-999,657
36335,250,-999,657
36336,152,-999,657
36337,174,-999,657
36338,180,-999,657
36339,167,-999,657
36340,144,-999,657
36341,215,-999,657
36342,158,-999,657
36343,158,-999,657
36344,75,-999,657
36345,75,-999,657
36346,75,-999,657
36396,87,-999,83
36398,91,-999,83
36400,98,-999,83
36402,95,-999,257
36403,95,-999,257
36408,50,-999,657
36410,577,-999,257
36413,250,-999,679
36430,585,-999,679
36439,80,-999,83
36440,87,-999,83
36441,98,-999,83
36442,91,-999,83
36448,960,-999,657
36453,25,-999,679
36456,25,-999,679
36457,25,-999,679
36460,240,-999,679
36498,1000,-999,130
36501,440,-999,679
36502,91,-999,83
36503,98,-999,83
36524,577,-999,257
36529,69,-999,657
36530,250,-999,679
36531,210,-999,679
36532,75,-999,20
36533,124,-999,679
36534,124,-999,679
36535,124,-999,679
36536,50,-999,657
36537,50,-999,657
36538,50,-999,657
36539,680,-999,679
36544,180,-999,679
36545,180,-999,679
36547,202,-999,679
36550,188,-999,679
36551,188,-999,679
36553,184,-999,679
36554,184,-999,679
36557,680,-999,679
36561,340,-999,679
36562,450,-999,679
36576,67,-999,657
36577,67,-999,657
36579,170,-999,182
36586,30,-999,130
36587,75,-999,182
36588,83,-999,182
36589,200,-999,182
36591,95,-999,182
36595,80,-999,182
36596,200,-999,182
36597,180,-999,182
36598,200,-999,182
36599,200,-999,182
36600,84,-999,657
36601,84,-999,657
36602,84,-999,657
36610,13,-999,657
36612,-999,-999,679
36614,-999,-999,679
36618,-999,-999,679
36620,-999,-999,679
36622,-999,-999,679
36627,340,-999,679
36629,340,-999,679
36639,95,-999,257
36640,360,-999,257
36641,200,-999,257
36659,-999,-999,44
36671,326,-999,95
36673,357,-999,257
36687,172,-999,657
36688,172,-999,657
36689,62,-999,657
36690,80,-999,657
36691,67,-999,657
36692,13,-999,657
36699,80,-999,657
36700,50,-999,657
36706,-999,-999,679
36709,610,-999,95
36710,610,-999,95
36711,93,-999,679
36714,360,-999,657
36722,140,-999,66
36723,140,-999,66
36724,648,-999,66
36725,864,-999,66
36726,104,-999,257
36727,54,-999,257
36729,65,-999,257
36731,100,-999,257
36732,57,-999,257
36733,57,-999,257
36734,57,-999,257
36735,57,-999,257
36739,93,-999,679
36740,31,-999,679
36742,650,-999,117
36744,110,-999,657
36745,207,-999,657
36746,190,-999,657
36747,200,-999,657
36748,287,-999,657
36749,222,-999,657
36763,104,-999,257
36764,104,-999,257
36773,551,-999,679
36774,180,-999,679
36791,1140,-999,257
36794,500,-999,679
36801,500,-999,679
36806,500,-999,679
36809,216,-999,64
36823,66,-999,657
36830,30,-999,20
36831,340,-999,679
36843,340,-999,679
36844,339,-999,95
36851,340,-999,44
36852,340,-999,44
36854,-999,-999,679
36855,-999,-999,679
36872,-999,-999,679
36873,360,-999,64
36875,55,-999,657
36876,55,-999,657
36883,180,-999,182
36886,75,-999,657
36899,210,-999,679
36907,250,-999,679
36910,60,-999,257
36911,60,-999,257
36912,60,-999,657
36913,70,-999,257
36918,70,-999,257
36920,140,-999,257
36921,140,-999,257
36924,51,-999,257
36927,1360,-999,66
36928,1414,-999,66
36929,500,-999,66
36930,551,-999,679
36931,551,-999,679
36932,26,-999,679
36933,26,-999,679
36936,567,-999,117
36940,5,-999,657
36941,1320,-999,657
36942,110,-999,130
36943,110,-999,130
36944,110,-999,130
36945,110,-999,130
36946,180,-999,657
36947,152,-999,657
36948,174,-999,657
36949,250,-999,657
36951,216,-999,64
36955,300,-999,130
36960,140,-999,257
36963,200,-999,130
36964,66,-999,657
36969,186,-999,64
36974,34,-999,657
36975,34,-999,657
36978,840,-999,657
36979,300,-999,130
36983,300,-999,130
36988,360,-999,657
36989,640,-999,66
36990,290,-999,66
36991,130,-999,182
36992,130,-999,182
36994,55,-999,679
36995,55,-999,679
36996,55,-999,679
36998,180,-999,657
36999,152,-999,657
37000,174,-999,657
37001,250,-999,657
37002,30,-999,130
37005,93,-999,679
37006,93,-999,679
37007,93,-999,679
37011,170,-999,182
37014,62,-999,679
37015,62,-999,679
37016,62,-999,679
37017,200,-999,130
37018,500,-999,679
37024,360,-999,64
37031,105,-999,679
37032,55,-999,679
37037,140,-999,257
37057,80,-999,657
37058,80,-999,657
37059,80,-999,657
37075,124,-999,679
37076,124,-999,679
37086,170,-999,83
37130,610,-999,679
37131,610,-999,679
37133,610,-999,679
37134,610,-999,679
37135,610,-999,679
37137,610,-999,679
37139,293,-999,679
37149,33,-999,130
37150,78,-999,257
37153,500,-999,130
37157,110,-999,130
37159,62,-999,679
37173,78,-999,257
37175,78,-999,257
37177,60,-999,657
37185,13,-999,657
37187,100,-999,130
37191,750,-999,20
37202,140,-999,257
37210,100,-999,130
37220,57,-999,257
37221,57,-999,257
37222,57,-999,257
37223,57,-999,257
37228,5,-999,657
37232,5,-999,657
37241,305,-999,95
37242,305,-999,95
37264,150,-999,657
37265,150,-999,657
37268,185,-999,657
37272,106,-999,657
37273,5,-999,657
37281,5,-999,657
37285,200,-999,130
37286,200,-999,130
37287,200,-999,130
37289,200,-999,130
37290,200,-999,130
37291,200,-999,130
37293,200,-999,130
37329,392,-999,657
37350,204,-999,95
37352,427,-999,95
37355,855,-999,257
37356,684,-999,257
37359,260,-999,95
37360,120,-999,657
37361,120,-999,657
37362,120,-999,657
37363,120,-999,657
37373,110,-999,130
37374,471,-999,130
37379,69,-999,657
37383,110,-999,130
37388,620,-999,679
37396,105,-999,679
37400,300,-999,64
37401,300,-999,64
37402,500,-999,679
37403,500,-999,679
37404,500,-999,679
37405,33,-999,679
37425,130,-999,182
37426,110,-999,130
37427,-999,236,657
37441,203,-999,95
37442,33,-999,130
37468,237,-999,657
37469,237,-999,657
37470,215,-999,657
37471,360,-999,657
37494,30,-999,657
37495,30,-999,657
37496,30,-999,657
37516,640,-999,679
37519,640,-999,679
37520,680,-999,679
37523,680,-999,679
37569,204,-999,182
37570,204,-999,182
37573,204,-999,182
37574,180,-999,182
37575,180,-999,182
37576,180,-999,182
37577,216,-999,182
37578,216,-999,182
37579,216,-999,182
37580,216,-999,182
37581,216,-999,182
37587,45,-999,66
37588,45,-999,66
37589,260,-999,95
37590,326,-999,95
37593,57,-999,257
37610,1880,-999,-999
37611,1880,-999,-999
37612,140,-999,-999
37613,140,-999,-999
37614,63,-999,5
37615,64,-999,5
37616,120,-999,5
37617,150,-999,5
37618,1000,-999,1
37619,1050,-999,1
37620,980,-999,5
37621,500,-999,2
37622,500,-999,2
37624,140,-999,257
37626,140,-999,257
37627,90,-999,66
37639,390,-999,257
37641,71,-999,130
37644,200,-999,130
37645,200,-999,130
37667,220,-999,95
37688,976,-999,32
37689,425,-999,32
37690,570,-999,32
37702,80,-999,657
37703,80,-999,657
37745,640,-999,679
40217,157,-999,257
40234,8,-999,7
40290,280,-999,64
40292,120,-999,679
40297,680,-999,679
40309,454,-999,130
40310,454,-999,130
40319,400,-999,130
40351,200,-999,64
40430,1350,-999,32
40445,88,-999,657
40446,88,-999,657
40447,310,-999,257
40448,310,-999,257
40449,570,-999,257
40450,570,-999,257
40507,33,-999,679
40560,312,-999,679
40569,72,-999,679
40606,310,-999,257
40639,-999,500,8
40640,-999,500,8
40641,-999,500,8
40665,408,-999,679
40673,67,-999,657
40674,67,-999,657
40680,-999,200,657
40747,190,-999,64
40751,125,-999,679
40802,100,-999,130
40803,100,-999,130
40804,100,-999,130
40805,100,-999,130
40815,360,-999,679
40820,33,-999,679
40839,30,-999,657
40859,-999,-999,657
40886,170,-999,182
40889,5,-999,257
40917,340,-999,117
40920,445,-999,117
40929,69,-999,657
40930,69,-999,657
40931,69,-999,657
40942,120,-999,657
40944,74,-999,657
40945,74,-999,657
40963,340,-999,117
40964,340,-999,117
40974,445,-999,117
40985,124,-999,679
40987,71,-999,130
40990,25,-999,257
41725,210,-999,679
41758,225,-999,657
41829,325,-999,257
41830,255,-999,257
41843,-999,236,679
41921,640,-999,679
41935,255,-999,257
41938,123,-999,679
41986,60,-999,657
41987,60,-999,657
41988,60,-999,657
42014,240,-999,679
42034,340,-999,679
42036,65,-999,182
42042,150,-999,657
42049,67,-999,657
42083,187,-999,83
42084,187,-999,83
42086,179,-999,83
42087,179,-999,83
42089,175,-999,83
42090,175,-999,83
42110,255,-999,257
42117,20,-999,31
42122,680,-999,44
42128,46,-999,31
42192,55,-999,657
42215,1170,-999,679
42225,46,-999,31
42227,46,-999,31
42237,610,-999,95
42323,170,-999,182
42351,204,-999,679
42386,257,-999,657
42388,257,-999,657
42390,257,-999,657
42434,34,-999,679
42436,204,-999,679
42437,204,-999,679
42453,62,-999,31
42470,390,-999,257
42538,408,-999,679
42590,30,-999,657
42616,454,-999,679
42638,13,-999,657
42672,59,-999,31
42783,70,-999,20
42791,675,-999,679
42792,680,-999,679
42869,54,-999,257
43000,45,-999,257
43003,100,-999,182
43005,480,-999,679
43006,370,-999,679
43014,250,-999,679
43018,100,-999,679
43023,32,-999,679
43027,240,-999,679
43028,240,-999,679
43033,69,-999,657
43034,567,-999,117
43037,-999,-999,257
43038,120,-999,257
43039,100,-999,257
43040,110,-999,257
43047,220,-999,182
43052,567,-999,9
43058,120,-999,657
43059,175,-999,679
43060,354,-999,679
43061,65,-999,257
43062,192,-999,679
43064,105,-999,657
43065,75,-999,657
43066,85,-999,657
43067,70,-999,657
43068,44,-999,657
43069,80,-999,657
43070,60,-999,657
43071,250,-999,657
43072,225,-999,657
43073,193,-999,657
43074,50,-999,657
43075,75,-999,657
43076,280,-999,657
43077,205,-999,657
43078,60,-999,657
43079,60,-999,657
43081,250,-999,657
43082,240,-999,657
43083,5,-999,657
43084,105,-999,657
43089,1360,-999,44
43097,350,-999,64
43100,480,-999,679
43110,680,-999,44
43111,680,-999,44
43118,123,-999,679
43119,67,-999,657
43120,60,-999,257
43121,290,-999,679
43124,60,-999,657
43128,480,-999,679
43129,540,-999,679
43130,567,-999,117
43131,475,-999,117
43133,180,-999,117
43134,540,-999,117
43135,450,-999,117
43136,290,-999,117
43137,180,-999,117
43139,200,-999,117
43140,115,-999,182
43147,55,-999,657
43156,250,-999,679
43157,560,-999,679
43158,345,-999,679
43159,175,-999,64
43160,680,-999,44
43161,680,-999,44
43164,500,-999,657
43169,365,-999,679
43173,680,-999,44
43174,255,-999,679
43175,360,-999,679
43176,740,-999,679
43178,540,-999,95
43179,255,-999,257
43180,510,-999,257
43181,510,-999,257
43183,840,-999,95
43184,1360,-999,679
43185,480,-999,679
43186,680,-999,679
43187,675,-999,679
43188,340,-999,679
43189,680,-999,679
43190,450,-999,679
43192,675,-999,679
43193,480,-999,679
43194,210,-999,679
43195,-999,-999,679
43196,120,-999,679
43197,135,-999,679
43198,130,-999,679
43199,255,-999,679
43200,255,-999,679
43201,140,-999,679
43202,125,-999,679
43203,105,-999,679
43204,105,-999,679
43206,62,-999,679
43207,55,-999,679
43208,236,-999,657
43209,66,-999,679
43210,65,-999,679
43212,1440,-999,679
43215,75,-999,20
43218,54,-999,257
43219,40,-999,679
43220,410,-999,679
43222,5000,-999,182
43223,460,-999,679
43225,750,-999,679
43227,500,-999,679
43229,290,-999,9
43230,64,-999,657
43231,640,-999,679
43236,480,-999,1
43237,89,-999,657
43239,525,-999,679
43241,700,-999,679
43242,85,-999,657
43243,74,-999,657
43244,1500,-999,679
43246,540,-999,679
43248,700,-999,679
43249,88,-999,657
43250,70,-999,257
43251,120,-999,679
43252,67,-999,657
43253,67,-999,657
43254,95,-999,182
43255,150,-999,20
43256,300,-999,20
43257,2000,-999,182
43258,300,-999,182
43260,140,-999,182
43261,200,-999,182
43263,80,-999,657
43274,70,-999,657
43278,240,-999,679
43279,40,-999,679
43285,50,-999,657
43288,205,-999,657
43290,205,-999,657
43291,120,-999,657
43305,34,-999,679
43306,1360,-999,117
43307,50,-999,657
43314,13,-999,657
43316,105,-999,657
43317,67,-999,657
43319,69,-999,657
43322,150,-999,657
43335,435,-999,117
43338,680,-999,679
43339,680,-999,117
43341,454,-999,679
43342,248,-999,679
43343,210,-999,679
43344,210,-999,679
43345,680,-999,44
43346,1060,-999,679
43347,1360,-999,679
43348,31000,-999,257
43349,420,-999,679
43350,960,-999,679
43351,475,-999,117
43353,650,-999,679
43354,525,-999,679
43356,600,-999,20
43359,680,-999,117
43360,1080,-999,679
43361,650,-999,117
43364,1360,-999,44
43367,680,-999,44
43373,1080,-999,679
43377,204,-999,679
43380,680,-999,44
43381,680,-999,117
43382,480,-999,679
43383,480,-999,679
43388,680,-999,117
43389,180,-999,117
43390,115,-999,182
43394,908,-999,679
43398,62,-999,679
44088,120,-999,257
44102,25,-999,257
44179,740,-999,679
44180,55,-999,657
44285,780,-999,679
44292,680,-999,117
44370,110,-999,257
44371,105,-999,257
44372,105,-999,257
44445,760,-999,679
44495,200,-999,182
44552,680,-999,117
44576,188,-999,679
44597,170,-999,182
44829,280,-999,95
44833,18000,-999,657
44859,65,-999,257
44948,200,-999,182
44950,188,-999,679
44951,-999,-999,679
44987,170,-999,182
44989,55,-999,657
44990,-999,-999,257
45007,355,-999,657
45111,157,-999,257
45112,180,-999,257
45141,280,-999,64
45143,25,-999,257
45182,650,-999,117
45183,650,-999,117
45223,548,-999,257
45231,22,-999,679
45293,-999,335,8
45294,-999,335,8
45295,-999,335,8
45296,-999,335,8
45299,1000,-999,95
45305,5,-999,657
45306,5,-999,657
45308,30,-999,657
45313,5,-999,657
45320,5,-999,657
45321,5,-999,657
45407,340,-999,679
45419,-999,250,8
45446,43,-999,31
45447,50,-999,31
45448,50,-999,2
45449,50,-999,31
45480,227,-999,182
45496,70,-999,20
45523,246,-999,679
45527,246,-999,679
45528,246,-999,679
45565,680,-999,44
45567,680,-999,44
45570,680,-999,44
45795,87,-999,83
45969,45,-999,657
46062,520,-999,32
46064,45,-999,257
46065,540,-999,679
46067,680,-999,117
46068,1360,-999,117
46070,680,-999,117
46072,540,-999,117
46074,290,-999,117
46076,435,-999,117
46083,248,-999,679
46084,250,-999,679
46085,105,-999,679
46086,210,-999,679
46087,345,-999,679
46088,175,-999,64
46090,360,-999,64
46092,365,-999,679
46095,255,-999,679
46096,360,-999,679
46097,1360,-999,679
46098,740,-999,679
46099,680,-999,679
46100,255,-999,257
46101,510,-999,257
46102,510,-999,257
46103,1530,-999,257
46104,840,-999,95
46106,1360,-999,679
46107,480,-999,679
46108,680,-999,679
46109,675,-999,679
46110,180,-999,95
46111,340,-999,679
46112,680,-999,679
46113,31000,-999,257
46114,450,-999,679
46115,675,-999,679
46116,480,-999,679
46117,210,-999,679
46118,240,-999,679
46119,5000,-999,679
46120,420,-999,679
46122,135,-999,679
46124,255,-999,679
46125,255,-999,679
46126,250,-999,679
46127,140,-999,679
46128,125,-999,679
46130,105,-999,679
46131,62,-999,679
46132,62,-999,679
46133,55,-999,679
46136,1440,-999,679
46137,40,-999,679
46138,40,-999,679
46139,410,-999,679
46143,460,-999,679
46148,64,-999,657
46149,640,-999,679
46162,85,-999,657
46166,540,-999,679
46169,120,-999,679
46170,67,-999,657
46171,67,-999,657
46172,150,-999,20
46173,300,-999,20
46174,75,-999,20
46178,200,-999,182
46183,370,-999,679
46187,100,-999,679
46189,120,-999,657
46190,32,-999,679
46194,240,-999,679
46195,240,-999,679
46197,69,-999,657
46200,45,-999,257
46203,-999,-999,257
46204,120,-999,257
46205,100,-999,257
46206,110,-999,257
46209,680,-999,117
46214,489,-999,32
46215,345,-999,32
46216,470,-999,32
46223,1080,-999,679
46224,650,-999,117
46225,175,-999,679
46226,354,-999,679
46227,65,-999,257
46228,50,-999,657
46229,69,-999,657
46230,192,-999,679
46231,105,-999,657
46232,105,-999,657
46233,80,-999,657
46234,-999,-999,657
46237,70,-999,657
46238,44,-999,657
46239,80,-999,657
46240,80,-999,657
46241,60,-999,657
46246,50,-999,657
46250,75,-999,657
46253,250,-999,657
46254,240,-999,657
46255,5,-999,657
46256,105,-999,657
46263,280,-999,95
46275,290,-999,679
46284,123,-999,679
46288,210,-999,679
46290,1080,-999,679
46293,66,-999,679
46298,34,-999,679
46299,204,-999,679
46301,454,-999,679
46304,54,-999,257
46313,65,-999,257
46440,87,-999,83
46447,-999,355,33
46706,-999,355,33
46711,-999,,33
46716,55,-999,657
46772,210,-999,679
46876,210,-999,679
46962,198,-999,679
47066,680,-999,44
47068,680,-999,44
47075,55,-999,657
47080,13,-999,657
47123,75,-999,95
47124,120,-999,257
47125,210,-999,257
47126,115,-999,83
47332,780,-999,679
47336,340,-999,679
47611,450,-999,679
47612,480,-999,679
47625,-999,-999,64
47661,550,-999,257
47662,550,-999,257
47676,40,-999,657
47683,40,-999,657
47840,260,-999,95
47882,8,-999,7
47886,120,-999,657
47887,120,-999,657
47910,-999,-999,679
47940,-999,236,679
47942,675,-999,32
47943,626,-999,679
47944,1775,-999,32
47948,510,-999,679
47949,52,-999,657
47950,120,-999,657
47955,80,-999,1
47957,750,-999,95
47958,840,-999,95
47980,425,-999,679
48000,750,-999,130
48001,770,-999,130
48002,375,-999,130
48003,200,-999,130
48019,500,-999,130
48021,400,-999,130
48022,400,-999,130
48023,400,-999,130
48029,71,-999,130
48033,-999,-999,130
48034,1500,-999,130
48039,400,-999,130
48040,375,-999,130
48042,71,-999,130
48043,1200,-999,130
48044,150,-999,130
48059,-999,-999,1
48076,180,-999,64
48077,280,-999,64
48078,500,-999,64
48091,550,-999,257
48106,65,-999,257
48117,114,-999,117
48118,114,-999,117
48119,114,-999,117
48120,475,-999,117
48121,260,-999,117
48125,1160,-999,679
48126,1350,-999,679
48127,410,-999,20
48132,65,-999,257
48134,340,-999,679
48135,450,-999,679
48136,480,-999,679
48137,680,-999,679
48138,675,-999,679
48216,360,-999,64
48217,200,-999,64
48218,500,-999,679
48227,1360,-999,44
48228,680,-999,44
48232,198,-999,679
48246,680,-999,44
48248,680,-999,44
48250,680,-999,44
48266,615,-999,117
48274,1000,-999,95
48288,800,-999,130
48297,2280,-999,130
48298,2000,-999,130
48301,3000,-999,130
48303,22,-999,130
48311,454,-999,10
48312,375,-999,10
48314,375,-999,10
48345,680,-999,44
48346,680,-999,44
48373,280,-999,64
48374,500,-999,64
48417,48,-999,679
48419,48,-999,679
48421,48,-999,679
48440,5,-999,657
48551,558,-999,95
48557,1170,-999,679
48567,294,-999,257
48577,48,-999,679
48578,48,-999,679
48579,48,-999,679
48582,175,-999,64
48597,184,-999,679
48598,184,-999,679
48667,55,-999,657
48689,390,-999,257
48694,185,-999,679
48695,185,-999,679
48709,560,-999,9
48742,280,-999,95
48763,22,-999,130
48804,48,-999,679
48805,48,-999,679
48806,48,-999,679
48861,615,-999,117
48874,280,-999,95
48876,280,-999,64
48891,100,-999,657
48893,100,-999,657
48912,520,-999,117
48925,-999,-999,257
48927,100,-999,657
48934,350,-999,679
48949,680,-999,44
48955,227,-999,182
48960,240,-999,64
48961,-999,-999,64
48965,192,-999,679
48967,52,-999,657
48985,22,-999,130
48996,570,-999,257
49027,310,-999,257
49028,310,-999,257
49183,87,-999,83
49185,500,-999,64
49255,40,-999,1
49442,454,-999,9
49443,454,-999,9
49480,-999,-999,679
49489,275,-999,257
49492,550,-999,257
49495,570,-999,257
49497,52,-999,657
49498,52,-999,657
49519,610,-999,95
49552,5,-999,130
49614,40,-999,679
49620,260,-999,657
49643,44,-999,657
49653,44,-999,657
49724,8,-999,7
49734,-999,355,33
49735,-999,600,33
49736,-999,600,33
49737,-999,600,33
49738,-999,600,33
49739,-999,600,33
49740,-999,600,33
49754,250,-999,95
49765,-999,355,33
49766,-999,355,33
49769,-999,355,33
49773,55,-999,657
49779,570,-999,257
49781,310,-999,257
49782,310,-999,257
49810,500,-999,64
49835,135,-999,83
49860,250,-999,657
49892,475,-999,117
49920,180,-999,257
49928,26,-999,679
49944,567,-999,679
49972,567,-999,679
49973,567,-999,679
49986,180,-999,117
49988,180,-999,117
49989,180,-999,117
49990,180,-999,117
49992,180,-999,117
49993,180,-999,117
49994,200,-999,117
49996,200,-999,117
49997,200,-999,117
